{ "translations": {
    "Register" : "Registrieren",
    "Your registration is pending. Please confirm your email address." : "Ihre Registrierung steht noch aus. Bitte bestätigen Sie Ihre E-Mail Adresse. ",
    "There is already a pending registration with this email, a new verification email has been sent to the address." : "Es gibt bereits eine nicht bestätigte Anmeldung mit dieser EMail-Adresse, daher wurde eine neue Bestätigungs-EMail verschickt..",
    "Verification email successfully sent." : "E-Mail zur Bestätigung erfolgreich gesendet.",
    "Your account has been successfully created, you can <a href=\"%s\">log in now</a>." : "Ihr Konto wurde erfolgreich erstellt, Sie können sich <a href=\"%s\">jetzt anmelden</a>.",
    "Your account has been successfully created, but it still needs approval from an administrator." : "Ihr Konto wurde erfolgreich erstellt, doch ein Administrator muss es noch bestätigen.",
    "Saved" : "Gespeichert",
    "No such group" : "Keine derartige Gruppe",
    "The email address you entered is not valid" : "Die E-Mail Adresse, die Sie eingegeben haben, ist nicht gültig",
    "Verify your %s registration request" : "Bestätigen Sie Ihre %s Registrierungsanfrage",
    "A problem occurred sending email, please contact your administrator." : "Beim Senden der E-Mail ist ein Problem aufgetreten, bitte kontaktieren Sie Ihren Administrator.",
    "A new user \"%s\" has created an account on %s" : "Ein neuer Benutzer \"%s\" hat sich ein neues Konto angelegt bei %s",
    "A user has already taken this email, maybe you already have an account?" : "Diese E-Mail-Adresse ist bereits registriert, vielleicht haben Sie bereits einen Account?",
    "You can <a href=\"%s\">log in now</a>." : "Sie können sich <a href=\"%s\">jetzt anmelden</a>.",
    "Registration is only allowed for the following domains: " : "Eine Anmeldung ist nur für die folgenden Domains erlaubt:",
    "Please provide a valid display name." : "Bitte tragen Sie einen gültigen Anzeigenamen ein.",
    "Please provide a valid user name." : "Bitte tragen Sie einen gültigen Benutzernamen ein.",
    "The username you have chosen already exists." : "Der Benutzername, den Sie gewählt haben, existiert bereits.",
    "Invalid verification URL. No registration request with this verification URL is found." : "Ungültige Bestätigungsadresse. Keine Registrierunganfrage mit dieser Bestätigungsadresse gefunden.",
    "Unable to create user, there are problems with the user backend." : "Der Benutzer konnte nicht angelegt werden, es gibt Probleme mit dem Benutzer-Hintergrundprogramm.",
    "Unable to set user email: " : "Die E-Mail-Adresse des Benutzers konnte nicht gespeichert werden:",
    "Failed to delete pending registration request" : "Das Löschen der in Bearbeitung befindlichen Registrierungsanfrage ist fehlgeschlagen",
    "Registration app auto setup" : "Automatisches Einrichten der App zur Registrierung",
    "Registration" : "Registrierung",
    "Default group that all registered users belong" : "Standardgruppe, zu der alle registrierten Benutzer gehören",
    "None" : "Keine",
    "Allowed mail address domains for registration" : "Für Registrierung erlaubte Mail Domains",
    "Enter a semicolon-separated list of allowed domains. Example: owncloud.com;github.com" : "Gebe eine Semikolon getrennte Liste der erlaubten Domains ein. Beispiel: owncloud.com;github.com",
    "Require admin approval?" : "Bestätigung durch einen Administrator erforderlich?",
    "Registration is only allowed for the following domains:" : "Die Registrierung ist nur für die folgenden Domains möglich:",
    "A new user \"%s\" has created an account on %s and awaits admin approbation" : "Ein Neuer Benutzer \"%s\" hat ein Konto auf %s erstellt und wartet auf eine Freigabe durch den Administrator",
    "To create a new account on %s, just click the following link:" : "Um ein neues Konto auf %s zu erstellen, klicken Sie bitte auf den folgenden Link:",
    "Welcome, you can create your account below." : "Willkommen, Sie können im unteren Teil Ihr Konto anlegen.",
    "Username" : "Benutzername",
    "Password" : "Passwort",
    "Create account" : "Konto erstellen",
    "Thank you for registering, you should receive a verification link in a few minutes." : "Vielen Dank für deine Registrierung, du erhälst einen Bestätigungslink in wenigen Minuten.",
    "Email" : "E-Mail",
    "Request verification link" : "Bestätigungslink anfragen",
    "Please re-enter a valid email address" : "Bitte nochmals eine gültige E-Mail-Adresse angeben",
    "You will receive an email with a verification link" : "Sie erhalten einen Link zur Bestätigung per Mail",
    "Afghanistan / Kabul" : "Afghanistan / Kabul",
    "Åland Islands / Mariehamn" : "Åland-Inseln / Mariehamn",
    "Albania / Tirane" : "Albanien / Tirana",
    "Algeria / Algiers" : "Algerien / Algier",
    "American Samoa / Pago Pago" : "Amerikanischen Samoa-Inseln / Pago Pago",
    "Andorra" : "Andorra",
    "Angola / Luanda" : "Angola / Luanda",
    "Anguilla" : "Anguilla",
    "Antigua and Barbuda / Antigua" : "Antigua und Barbuda / Antigua",
    "Argentina / Buenos Aires" : "Argentinien / Buenos Aires",
    "Argentina / Catamarca" : "Argentinien / Catamarca",
    "Argentina / Cordoba" : "Argentinien / Cordoba",
    "Argentina / Jujuy" : "Argentinien / Jujuy",
    "Argentina / La Rioja" : "Argentinien / La Rioja",
    "Argentina / Mendoza" : "Argentinien / Mendoza",
    "Argentina / Rio Gallegos" : "Argentinien / Rio Gallegos",
    "Argentina / Salta" : "Argentinien / Salta",
    "Argentina / San Juan" : "Argentinien / San Juan",
    "Argentina / San Luis" : "Argentinien / San Luis",
    "Argentina / Tucuman" : "Argentinien / Tucuman",
    "Argentina / Ushuaia" : "Argentinien / Ushuaia",
    "Armenia / Yerevan" : "Armenien / Jerevan",
    "Aruba" : "Aruba",
    "Australia / Adelaide" : "Australien / Adelaide",
    "Australia / Brisbane" : "Australien / Brisbane",
    "Australia / Broken Hill" : "Australien / Broken Hill",
    "Australia / Currie" : "Australien / Currie",
    "Australia / Darwin" : "Australien / Darwin",
    "Australia / Eucla" : "Australien / Eucla",
    "Australia / Hobart" : "Australien / Hobart",
    "Australia / Lindeman" : "Australien / Lindeman",
    "Australia / Lord Howe" : "Australien / Lord Howe",
    "Australia / Melbourne" : "Australien / Melbourne",
    "Australia / Perth" : "Australien / Perth",
    "Australia / Sydney" : "Australien / Sydney",
    "Austria / Vienna" : "Österreich / Wien",
    "Azerbaijan / Baku" : "Aserbaidschan / Baku",
    "Bahamas / Nassau" : "Bahamas / Nassau",
    "Bahrain" : "Bahrain",
    "Bangladesh / Dhaka" : "Bangladesch / Dhaka",
    "Barbados" : "Barbados",
    "Belarus / Minsk" : "Weißrussland / Minsk",
    "Belgium / Brussels" : "Belgien / Brüssel",
    "Belize" : "Belize",
    "Benin / Porto-Novo" : "Benin / Porto-Novo",
    "Bermuda" : "Bermuda",
    "Bhutan / Thimphu" : "Bhutan / Thimphu",
    "Bolivia, Plurinational State of / La Paz" : "Bolivien, Plurinationaler Staat / La Paz",
    "Bosnia and Herzegovina / Sarajevo" : "Bosnien und Herzegowina / Sarajevo",
    "Botswana / Gaborone" : "Botswana / Gaborone",
    "Brazil / Araguaina" : "Brasilien / Araguaina",
    "Brazil / Bahia" : "Brasilien / Bahia",
    "Brazil / Belem" : "Brasilien / Belem",
    "Brazil / Boa Vista" : "Brasilien / Boa Vista",
    "Brazil / Campo Grande" : "Brasilien / Campo Grande",
    "Brazil / Cuiaba" : "Brasilien / Cuiaba",
    "Brazil / Eirunepe" : "Brasilien / Eirunepe",
    "Brazil / Fortaleza" : "Brasilien / Fortaleza",
    "Brazil / Maceio" : "Brasilien / Maceio",
    "Brazil / Manaus" : "Brasilien / Manaus",
    "Brazil / Noronha" : "Brasilien / Noronha",
    "Brazil / Porto Velho" : "Brasilien / Porto Velho",
    "Brazil / Recife" : "Brasilien / Recife",
    "Brazil / Rio Branco" : "Brasilien / Rio Branco",
    "Brazil / Santarem" : "Brasilien / Santarém",
    "Brazil / Sao Paulo" : "Brasilien / Sao Paulo",
    "Brunei Darussalam / Brunei" : "Brunei Darussalam / Brunei",
    "Bulgaria / Sofia" : "Bulgarien / Sofia",
    "Burkina Faso / Ouagadougou" : "Burkina Faso / Ouagadougou",
    "Burundi / Bujumbura" : "Burundi / Bujumbura",
    "Cambodia / Phnom Penh" : "Kambodscha / Phnom Penh",
    "Cameroon / Douala" : "Kamerun / Douala",
    "Canada / Atikokan" : "Kanada / Atikokan",
    "Canada / Blanc-Sablon" : "Kanada / Blanc-Sablon",
    "Canada / Cambridge Bay" : "Kanada / Cambridge Bay",
    "Canada / Dawson" : "Kanada / Dawson",
    "Canada / Dawson Creek" : "Kanada / Dawson Creek",
    "Canada / Edmonton" : "Kanada / Edmonton",
    "Canada / Glace Bay" : "Kanada / Glace Bay",
    "Canada / Goose Bay" : "Kanada / Goose Bay",
    "Canada / Halifax" : "Kanada / Halifax",
    "Canada / Inuvik" : "Kanada / Inuvik",
    "Canada / Iqaluit" : "Kanada / Iqaluit",
    "Canada / Moncton" : "Kanada / Moncton",
    "Canada / Nipigon" : "Kanada / Nipigon",
    "Canada / Pangnirtung" : "Kanada / Pangnirtung",
    "Canada / Rainy River" : "Kanada / Rainy River",
    "Canada / Rankin Inlet" : "Kanada / Rankin Inlet",
    "Canada / Regina" : "Kanada / Regina",
    "Canada / Resolute" : "Kanada / Resolute",
    "Canada / St Johns" : "Kanada / St. Johns",
    "Canada / Swift Current" : "Kanada / Swift Current",
    "Canada / Thunder Bay" : "Kanada / Thunder Bay",
    "Canada / Toronto" : "Kanada / Toronto",
    "Canada / Vancouver" : "Kanada / Vancouver",
    "Canada / Whitehorse" : "Kanada / Whitehorse",
    "Canada / Winnipeg" : "Kanada / Winnipeg",
    "Canada / Yellowknife" : "Kanada / Yellowknife",
    "Cape Verde" : "Kap Verde / Kapverdische Inseln",
    "Cayman Islands / Cayman" : "Cayman-Inseln / Kaimaninseln",
    "Central African Republic / Bangui" : "Zentralafrikanische Republik / Bangui",
    "Chad / Ndjamena" : "Tschad / N Djamena",
    "Chile / Easter" : "Chile / Osterinsel",
    "Chile / Santiago" : "Chile / Santiago",
    "China / Shanghai" : "China / Shanghai",
    "China / Urumqi" : "China / Ürümqi",
    "Christmas Island / Christmas" : "Weihnachtsinseln / Weihnachtsinsel",
    "Cocos (Keeling) Islands / Cocos" : "Kokos-(Keeling-)Inseln / Kokosinseln",
    "Colombia / Bogota" : "Kolumbien / Bogota",
    "Comoros / Comoro" : "Komoren",
    "Congo / Brazzaville" : "Kongo / Brazzaville",
    "Congo, The Democratic Republic of the / Kinshasa" : "Demokratische Republik Kongo / Kinshasa",
    "Congo, The Democratic Republic of the / Lubumbashi" : "Demokratische Republik Kongo / Lubumbashi",
    "Cook Islands / Rarotonga" : "Cookinseln / Rarotonga",
    "Costa Rica" : "Costa Rica",
    "Croatia / Zagreb" : "Kroatien / Zagreb",
    "Cuba / Havana" : "Kuba / Havanna",
    "Curaçao / Curacao" : "Curaçao / Curacao",
    "Cyprus / Nicosia" : "Zypern / Nikosia",
    "Czech Republic / Prague" : "Tschechische Republik / Prag",
    "Côte d'Ivoire / Abidjan" : "Côte d'Ivoire / Abidjan",
    "Denmark / Copenhagen" : "Dänemark / Kopenhagen",
    "Djibouti" : "Dschibuti",
    "Dominica" : "Dominica / Dominikanische Republik",
    "Dominican Republic / Santo Domingo" : "Dominikanische Republik / Santo Domingo",
    "Ecuador / Galapagos" : "Ecuador / Galapagos",
    "Ecuador / Guayaquil" : "Ecuador / Guayaquil",
    "Egypt / Cairo" : "Ägypten / Kairo",
    "El Salvador" : "El Salvador",
    "Equatorial Guinea / Malabo" : "Äquatorialguinea / Malabo",
    "Eritrea / Asmara" : "Eritrea / Asmara",
    "Estonia / Tallinn" : "Estland / Tallinn",
    "Ethiopia / Addis Ababa" : "Äthiopien / Addis Abeba",
    "Falkland Islands (Malvinas) / Stanley" : "Falklandinseln (Malwinen) / Stanley",
    "Faroe Islands / Faroe" : "Färöer-Inseln / Färöer",
    "Fiji" : "Fidschi",
    "Finland / Helsinki" : "Finnland / Helsinki",
    "France / Paris" : "Frankreich / Paris",
    "French Guiana / Cayenne" : "Französisch-Guyana / Cayenne",
    "French Polynesia / Gambier" : "Französisch-Polynesien / Gambier",
    "French Polynesia / Marquesas" : "Französisch-Polynesien / Marquesas",
    "French Polynesia / Tahiti" : "Französisch-Polynesien / Tahiti",
    "French Southern Territories / Kerguelen" : "Französische Süd- und Antarktisgebiete / Kerguelen",
    "Gabon / Libreville" : "Gabun / Libreville",
    "Gambia / Banjul" : "Gambia / Banjul",
    "Georgia / Tbilisi" : "Georgien / Tiflis",
    "Germany / Berlin" : "Deutschland / Berlin",
    "Germany / Stuttgart" : "Deutschland / Stuttgart",
    "Ghana / Accra" : "Ghana / Accra",
    "Gibraltar" : "Gibraltar",
    "Greece / Athens" : "Griechenland / Athen",
    "Greenland / Danmarkshavn" : "Grönland / Danmarkshavn",
    "Greenland / Godthab" : "Grönland / Godthab",
    "Greenland / Scoresbysund" : "Grönland / Scoresbysund",
    "Greenland / Thule" : "Grönland / Thule",
    "Grenada" : "Grenada",
    "Guadeloupe" : "Guadeloupe",
    "Guam" : "Guam",
    "Guatemala" : "Guatemala",
    "Guernsey" : "Guernsey",
    "Guinea / Conakry" : "Guinea / Conakry",
    "Guinea-Bissau / Bissau" : "Guinea-Bissau / Bissau",
    "Guyana" : "Guyana",
    "Haiti / Port-au-Prince" : "Haiti / Port-au-Prince",
    "Holy See (Vatican City State) / Vatican" : "Heiliger Stuhl (Staat Vatikanstadt) / Vatikan",
    "Honduras / Tegucigalpa" : "Honduras / Tegucigalpa",
    "Hong Kong" : "Hongkong / Hong Kong",
    "Hungary / Budapest" : "Ungarn / Budapest",
    "Iceland / Reykjavik" : "Island / Reykjavik",
    "India / Kolkata" : "Indien / Kolkata",
    "Indonesia / Jakarta" : "Indonesien / Jakarta",
    "Indonesia / Jayapura" : "Indonesien / Jayapura",
    "Indonesia / Makassar" : "Indonesien / Makassar",
    "Indonesia / Pontianak" : "Indonesien / Pontianak",
    "Iran, Islamic Republic of / Tehran" : "Iran, Islamische Republik / Teheran",
    "Iraq / Baghdad" : "Irak / Bagdad",
    "Ireland / Dublin" : "Irland / Dublin",
    "Isle of Man" : "Insel Man / Isle of Man",
    "Israel / Jerusalem" : "Israel / Jerusalem",
    "Italy / Rome" : "Italien / Rom",
    "Jamaica" : "Jamaika",
    "Japan / Tokyo" : "Japan / Tokio",
    "Jersey" : "Jersey",
    "Jordan / Amman" : "Jordanien / Amman",
    "Kazakhstan / Almaty" : "Kasachstan / Almaty",
    "Kazakhstan / Aqtau" : "Kasachstan / Aqtau",
    "Kazakhstan / Aqtobe" : "Kasachstan / Aqtobe",
    "Kazakhstan / Oral" : "Kasachstan / Oral",
    "Kazakhstan / Qyzylorda" : "Kasachstan / Qyzylorda",
    "Kenya / Nairobi" : "Kenia / Nairobi",
    "Kiribati / Enderbury" : "Kiribati / Enderbury",
    "Kiribati / Kiritimati" : "Kiribati / Kiritimati",
    "Kiribati / Tarawa" : "Kiribati / Tarawa",
    "Korea, Democratic People's Republic of / Pyongyang" : "Korea, Demokratische Volksrepublik / Pjöngjang",
    "Korea, Republic of / Seoul" : "Korea, Republik / Seoul",
    "Kuwait" : "Kuwait",
    "Kyrgyzstan / Bishkek" : "Kirgisistan / Bischkek",
    "Lao People's Democratic Republic / Vientiane" : "Laos, Demokratische Volksrepublik / Vientiane",
    "Latvia / Riga" : "Lettland / Riga",
    "Lebanon / Beirut" : "Libanon / Beirut",
    "Lesotho / Maseru" : "Lesotho / Maseru",
    "Liberia / Monrovia" : "Liberia / Monrovia",
    "Libya / Tripoli" : "Libyen / Tripolis",
    "Liechtenstein / Vaduz" : "Liechtenstein / Vaduz",
    "Lithuania / Vilnius" : "Litauen / Vilnius",
    "Luxembourg" : "Luxemburg",
    "Macao / Macau" : "Macao",
    "Macedonia, Republic of / Skopje" : "Mazedonien, ehemalige jugoslawische Republik / Skopje",
    "Madagascar / Antananarivo" : "Madagaskar / Antananarivo",
    "Malawi / Blantyre" : "Malawi / Blantyre",
    "Malaysia / Kuala Lumpur" : "Malaysia / Kuala Lumpur",
    "Malaysia / Kuching" : "Malaysia / Kuching",
    "Maldives" : "Malediven",
    "Mali / Bamako" : "Mali / Bamako",
    "Malta" : "Malta",
    "Marshall Islands / Kwajalein" : "Marshallinseln / Kwajalein",
    "Marshall Islands / Majuro" : "Marshallinseln / Majuro",
    "Martinique" : "Martinique",
    "Mauritania / Nouakchott" : "Mauretanien / Nouakchott",
    "Mauritius" : "Mauritius",
    "Mayotte" : "Mayotte",
    "Mexico / Cancun" : "Mexiko / Cancun",
    "Mexico / Chihuahua" : "Mexiko / Chihuahua",
    "Mexico / Hermosillo" : "Mexiko / Hermosillo",
    "Mexico / Mazatlan" : "Mexiko / Mazatlan",
    "Mexico / Merida" : "Mexiko / Merida",
    "Mexico / Monterrey" : "Mexiko / Monterrey",
    "Mexico / Tijuana" : "Mexiko / Tijuana",
    "Mexico City" : "Mexiko Stadt",
    "Micronesia, Federated States of / Chuuk" : "Mikronesien, Föderierte Staaten von / Chuuk",
    "Micronesia, Federated States of / Kosrae" : "Mikronesien, Föderierte Staaten von / Kosrae",
    "Micronesia, Federated States of / Pohnpei" : "Mikronesien, Föderierte Staaten von / Pohnpei",
    "Moldova, Republic of / Chisinau" : "Moldau, Republik / Chisinau",
    "Monaco" : "Monaco",
    "Mongolia / Choibalsan" : "Mongolei / Choibalsan",
    "Mongolia / Hovd" : "Mongolei / Chowd",
    "Mongolia / Ulaanbaatar" : "Mongolei / Ulaanbaatar",
    "Montenegro / Podgorica" : "Montenegro / Podgorica",
    "Montserrat" : "Montserrat",
    "Morocco / Casablanca" : "Marokko / Casablanca",
    "Mozambique / Maputo" : "Mosambik / Maputo",
    "Myanmar / Rangoon" : "Myanmar / Rangun",
    "Namibia / Windhoek" : "Namibia / Windhoek",
    "Nauru" : "Nauru",
    "Nepal / Kathmandu" : "Nepal / Kathmandu",
    "Netherlands / Amsterdam" : "Niederlande / Amsterdam",
    "New Caledonia / Noumea" : "Neukaledonien / Noumea",
    "New Zealand / Auckland" : "Neuseeland / Auckland",
    "New Zealand / Chatham" : "Neuseeland / Chatham",
    "Nicaragua / Managua" : "Nicaragua / Managua",
    "Niger / Niamey" : "Niger / Niamey",
    "Nigeria / Lagos" : "Nigeria / Lagos",
    "Niue" : "Niue",
    "Norfolk Island / Norfolk" : "Norfolkinsel / Norfolk",
    "Northern Mariana Islands / Saipan" : "Nördliche Mariana-Inseln / Saipan",
    "Norway / Oslo" : "Norwegen / Oslo",
    "Oman / Muscat" : "Oman / Muscat",
    "Pakistan / Karachi" : "Pakistan / Karatschi",
    "Palau" : "Palau",
    "Palestinian Territory, Occupied / Gaza" : "Palästinensische Autonomiegebiete / Gaza",
    "Panama" : "Panama",
    "Papua New Guinea / Port Moresby" : "Papua-Neuguinea / Port Moresby",
    "Paraguay / Asuncion" : "Paraguay / Asuncion",
    "Peru / Lima" : "Peru / Lima",
    "Philippines / Manila" : "Philippinen / Manila",
    "Pitcairn" : "Pitcairn",
    "Poland / Warsaw" : "Polen / Warschau",
    "Portugal / Azores" : "Portugal / Azoren",
    "Portugal / Lisbon" : "Portugal / Lissabon",
    "Portugal / Madeira" : "Portugal / Madeira",
    "Puerto Rico" : "Puerto Rico",
    "Qatar" : "Katar",
    "Romania / Bucharest" : "Rumänien / Bukarest",
    "Russian Federation / Anadyr" : "Russland / Anadyr",
    "Russian Federation / Irkutsk" : "Russland / Irkutsk",
    "Russian Federation / Kaliningrad" : "Russland / Kaliningrad",
    "Russian Federation / Kamchatka" : "Russland / Kamtschatka",
    "Russian Federation / Krasnoyarsk" : "Russland / Krasnojarsk",
    "Russian Federation / Magadan" : "Russland / Magadan",
    "Russian Federation / Moscow" : "Russland / Moskau",
    "Russian Federation / Novosibirsk" : "Russland / Nowosibirsk",
    "Russian Federation / Omsk" : "Russland / Omsk",
    "Russian Federation / Sakhalin" : "Russland / Sachalin",
    "Russian Federation / Samara" : "Russland / Samara",
    "Russian Federation / Simferopol" : "Russland / Simferopol",
    "Russian Federation / Vladivostok" : "Russland / Wladiwostok",
    "Russian Federation / Volgograd" : "Russland / Wolgograd",
    "Russian Federation / Yakutsk" : "Russland / Jakutsk",
    "Russian Federation / Yekaterinburg" : "Russland / Jekaterinburg",
    "Rwanda / Kigali" : "Ruanda / Kigali",
    "Réunion / Reunion" : "Réunion / Reunion",
    "Saint Barthélemy / St Barthelemy" : "Saint-Barthélemy / St Barthelemy",
    "Saint Helena, Ascension and Tristan da Cunha / St Helena" : "St. Helena, Ascension und Tristan da Cunha / St. Helena",
    "Saint Kitts and Nevis / St Kitts" : "St. Kitts und Nevis / St. Kitts",
    "Saint Lucia / St Lucia" : "St. Lucia",
    "Saint Martin (French part) / Marigot" : "Saint Martin (Französischer Teil) / Marigot",
    "Saint Pierre and Miquelon / Miquelon" : "St. Pierre und Miquelon / Miquelon",
    "Saint Vincent and the Grenadines / St Vincent" : "St. Vincent und die Grenadinen / St. Vincent",
    "Samoa / Apia" : "Samoa / Apia",
    "San Marino" : "San Marino",
    "Sao Tome and Principe / Sao Tome" : "São Tomé und Príncipe / Sao Tome",
    "Saudi Arabia / Riyadh" : "Saudi-Arabien / Riad",
    "Senegal / Dakar" : "Senegal / Dakar",
    "Serbia / Belgrade" : "Serbien / Belgrad",
    "Seychelles / Mahe" : "Seychellen / Mahe",
    "Sierra Leone / Freetown" : "Sierra Leone / Freetown",
    "Singapore" : "Singapur",
    "Slovakia / Bratislava" : "Slowakei / Bratislava",
    "Slovenia / Ljubljana" : "Slowenien / Ljubljana",
    "Solomon Islands / Guadalcanal" : "Salomoninseln / Guadalcanal",
    "Somalia / Mogadishu" : "Somalia / Mogadischu",
    "South Africa / Johannesburg" : "Südafrika / Johannesburg",
    "South Georgia and the South Sandwich Islands / South Georgia" : "South Georgia und die Südlichen Sandwichinseln / Südgeorgien",
    "Spain / Barcelona" : "Spanien / Barcelona",
    "Spain / Canary" : "Spanien / Kanarische Inseln",
    "Spain / Ceuta" : "Spanien / Ceuta",
    "Spain / Madrid" : "Spanien / Madrid",
    "Sri Lanka / Colombo" : "Sri Lanka / Colombo",
    "Sudan / Khartoum" : "Sudan / Khartum",
    "Suriname / Paramaribo" : "Suriname / Paramaribo",
    "Svalbard and Jan Mayen / Longyearbyen" : "Svalbard und Jan Mayen / Longyearbyen",
    "Swaziland / Mbabane" : "Swasiland / Mbabane",
    "Sweden / Stockholm" : "Schweden / Stockholm",
    "Switzerland / Zurich" : "Schweiz / Zürich",
    "Syrian Arab Republic / Damascus" : "Syrien, Arabische Republik / Damaskus",
    "Taiwan / Taipei" : "Taiwan / Taipeh",
    "Tajikistan / Dushanbe" : "Tadschikistan / Dushanbe",
    "Tanzania, United Republic of / Dar es Salaam" : "Tansania, Vereinigte Republik / Daressalam",
    "Thailand / Bangkok" : "Thailand / Bangkok",
    "Timor-Leste / Dili" : "Timor-Leste / Dili",
    "Togo / Lome" : "Togo / Lome",
    "Tokelau / Fakaofo" : "Tokelau / Fakaofo",
    "Tongatapu" : "Tongatapu",
    "Trinidad and Tobago / Port of Spain" : "Trinidad und Tobago / Port of Spain",
    "Tunisia / Tunis" : "Tunesien / Tunis",
    "Turkey / Istanbul" : "Türkei / Istanbul",
    "Turkmenistan / Ashgabat" : "Turkmenistan / Aschgabat",
    "Turks and Caicos Islands / Grand Turk" : "Turks- und Caicosinseln / Grand Turk",
    "Tuvalu / Funafuti" : "Tuvalu / Funafuti",
    "UTC" : "UTC",
    "Uganda / Kampala" : "Uganda / Kampala",
    "Ukraine / Kiev" : "Ukraine / Kiew",
    "Ukraine / Uzhgorod" : "Ukraine / Uschhorod",
    "Ukraine / Zaporozhye" : "Ukraine / Saporischschja",
    "United Arab Emirates / Dubai" : "Vereinigte Arabische Emirate / Dubai",
    "United Kingdom / London" : "Großbritannien / London",
    "United States / Adak" : "USA / Adak",
    "United States / Anchorage" : "USA / Anchorage",
    "United States / Boise" : "USA / Boise",
    "United States / Chicago" : "USA / Chicago",
    "United States / Dallas" : "USA / Dallas",
    "United States / Denver" : "USA / Denver",
    "United States / Detroit" : "USA / Detroit",
    "United States / Honolulu" : "USA / Honolulu",
    "United States / Indiana / Indianapolis" : "USA / Indiana / Indianapolis",
    "United States / Indiana / Knox" : "USA / Indiana / Knox",
    "United States / Indiana / Marengo" : "USA / Indiana / Marengo",
    "United States / Indiana / Petersburg" : "USA / Indiana / Petersburg",
    "United States / Indiana / Tell City" : "USA / Indiana / Tell City",
    "United States / Indiana / Vevay" : "USA / Indiana / Vevay",
    "United States / Indiana / Vincennes" : "USA / Indiana / Vincennes",
    "United States / Indiana / Winamac" : "USA / Indiana / Winamac",
    "United States / Juneau" : "USA / Juneau",
    "United States / Kentucky / Louisville" : "USA / Kentucky / Louisville",
    "United States / Kentucky / Monticello" : "USA / Kentucky / Monticello",
    "United States / Los Angeles" : "USA / Los Angeles",
    "United States / Menominee" : "USA / Menominee",
    "United States / New York" : "USA / New York",
    "United States / Nome" : "USA / Nome",
    "United States / North Dakota / Center" : "USA / North Dakota / Center",
    "United States / North Dakota / New Salem" : "USA / North Dakota / New Salem",
    "United States / Phoenix" : "USA / Phoenix",
    "United States / Washington DC" : "USA / Washington DC",
    "United States / Yakutat" : "USA / Yakutat",
    "Uruguay / Montevideo" : "Uruguay / Montevideo",
    "Uzbekistan / Samarkand" : "Usbekistan / Samarqand",
    "Uzbekistan / Tashkent" : "Usbekistan / Taschkent",
    "Vanuatu / Efate" : "Vanuatu / Efate",
    "Venezuela, Bolivarian Republic of / Caracas" : "Venezuela, Bolivarische Republik / Caracas",
    "Viet Nam / Ho Chi Minh" : "Vietnam / Ho Chi Minh",
    "Virgin Islands, British / Tortola" : "Britische Jungferninseln / Tortola",
    "Virgin Islands, U.S. / St Thomas" : "Amerikanische Jungferninseln / St. Thomas",
    "Wallis and Futuna / Wallis" : "Wallis und Futuna / Wallis",
    "Western Sahara / El Aaiun" : "Westsahara / El Aaiun",
    "Yemen / Aden" : "Jemen / Aden",
    "Zambia / Lusaka" : "Sambia / Lusaka",
    "Zimbabwe / Harare" : "Simbabwe / Harare",
    "Global" : "Global",
    "Automatic" : "Automatisch"
},"pluralForm" :"nplurals=2; plural=(n != 1);"
}
